ID,userName,firstName,lastName,gender,age,status_code,createdAt,createdBy,modifiedAt,modifiedBy,address_ID
d70c77b4-0452-4a6d-a382-fd4bf3dbf5ed,jdoe,John,Doe,Male,34,A,2024-01-10T19:00:00.000Z,myself,2024-01-10T19:00:00.000Z,anonymous,d0e891a0-b89e-4986-9fa3-7ddf481f2be4
0f8e1a95-907b-47d4-bad6-3b7315d749cc,jsmith,Jane,Smith,Female,28,A,2024-01-10T19:00:00.000Z,myself,2024-01-10T19:00:00.000Z,anonymous,bd7ea058-a9a7-4554-a48d-b784d13f4991
11cf8b96-0f4c-4c9a-91d6-3e3e39d28dfd,akumar,Anil,Kumar,Male,29,A,2024-01-10T19:00:00.000Z,myself,2024-01-10T19:00:00.000Z,anonymous,106434dd-1d75-436d-8b17-a4e3447c97eb
13b7b77a-82a4-45b8-ae10-02a19c64e5f9,mthomas,Mary,Thomas,Female,26,A,2024-01-10T19:00:00.000Z,myself,2024-01-10T19:00:00.000Z,anonymous,230256b5-38e2-4a8e-8f82-525b45320be9
ad202cbb-f42c-43bb-b07f-02d450de4a5e,wharris,William,Harris,Male,45,A,2024-01-10T19:00:00.000Z,myself,2024-01-10T19:00:00.000Z,anonymous,f134f564-6c23-40af-9e8b-4c5e896303cd
5ae0117b-2f67-4d9d-a9fc-e5717f8b5d69,lhill,Linda,Hill,Female,33,A,2024-01-10T19:00:00.000Z,anonymous,2024-01-10T19:00:00.000Z,anonymous,a7ad2e8f-e176-448d-8df2-fa86b60cc3d3
e80f0952-3df1-4762-8b5e-dba095ed9e71,rroberts,Robert,Roberts,Male,37,A,2024-01-10T19:00:00.000Z,anonymous,2024-01-10T19:00:00.000Z,anonymous,f6f8293c-3422-4b9a-be99-5b2e4c1ab7f3
57ed5f3f-e04f-4908-9f2f-d6d4208e1e96,sanderson,Sarah,Anderson,Female,42,A,2024-01-10T19:00:00.000Z,anonymous,2024-01-10T19:00:00.000Z,anonymous,cdb3c908-1b64-4bf4-9de5-35621fba9e4c
083e1649-1242-41f8-a8f8-0e2b1e8c8cf5,jwhite,James,White,Male,31,A,2024-01-10T19:00:00.000Z,anonymous,2024-01-10T19:00:00.000Z,anonymous,9e962e38-ea48-4f4f-927e-8bdff410ddb6
77479f13-4ac6-4720-8540-38f4648cf8fa,mgreen,Margaret,Green,Female,50,A,2024-01-10T19:00:00.000Z,anonymous,2024-01-10T19:00:00.000Z,anonymous,c6373035-32c2-4749-9ce1-f7af9bc60fb3
256ecf97-c5f8-482b-bf7d-4b55a573bcec,mdavis,Michael,Davis,Male,27,A,2024-01-10T19:00:00.000Z,anonymous,2024-01-10T19:00:00.000Z,anonymous,f36d0b98-b0e2-4838-acd9-878c41b5d75d
499b0e2b-bd3a-482d-aeec-e582f5e81f5e,bjones,Barbara,Jones,Female,38,A,2024-01-10T19:00:00.000Z,anonymous,2024-01-10T19:00:00.000Z,anonymous,964af556-7320-44b7-b9ac-cf68b6e2c90c
4c9dbe69-91e2-4e98-97d5-c0f6543bc95d,gclark,George,Clark,Male,40,A,2024-01-10T19:00:00.000Z,anonymous,2024-01-10T19:00:00.000Z,anonymous,dd664ca9-f5bf-4497-a198-d129a3fb4953
7466ddcf-78d5-4b98-bb99-4ebeb1ff1f8e,kmartin,Karen,Martin,Female,36,A,2024-01-10T19:00:00.000Z,anonymous,2024-01-10T19:00:00.000Z,anonymous,32ada617-d338-4d36-8725-d5d458ad1cc5
9e91c29f-601e-4322-95c6-b58890c9df82,tmiller,Thomas,Miller,Male,41,A,2024-01-10T19:00:00.000Z,anonymous,2024-01-10T19:00:00.000Z,anonymous,3c2ae096-9d7f-4f52-8a4d-9fbc50c30ac9
8b83cb3e-c550-4648-8a9b-dffac1bde2c8,rgarcia,Rachel,Garcia,Female,25,A,2024-01-10T19:00:00.000Z,anonymous,2024-01-10T19:00:00.000Z,anonymous,a8a028bb-0785-462a-ac3b-261358b561d3
d5757fb4-c760-48a2-9ec6-7c88c5c3fdec,jlee,John,Lee,Male,30,A,2024-01-10T19:00:00.000Z,anonymous,2024-01-10T19:00:00.000Z,anonymous,c37ba0b2-9fe3-4696-9f97-8102aff93169
6f8a8d1c-17e1-43b1-a947-f48d2ccdbba2,tsmith,Tracy,Smith,Female,29,A,2024-01-10T19:00:00.000Z,anonymous,2024-01-10T19:00:00.000Z,anonymous,d6905153-d248-4259-9fe3-a3322d346b25
de25f0c4-70a4-44c1-bb93-cb78f1eaa7e1,abrown,Alice,Brown,Female,43,A,2024-01-10T19:00:00.000Z,anonymous,2024-01-10T19:00:00.000Z,anonymous,1afedfdd-bb64-459a-917b-2f5c6c50e486
c6f1b53b-9fbb-4b18-bb1d-635bb9a6897a,kmorris,Kevin,Morris,Male,32,A,2024-01-10T19:00:00.000Z,anonymous,2024-01-10T19:00:00.000Z,anonymous,7ba8b974-fee0-4464-95dd-c89ee301f607
